"sp","value_Fmax","p_change","qual_change"
"acanthina monodon",0.001,0.0143567418616763,"Less than 5% change"
"acanthina monodon",0.002,0.0253423278232079,"Less than 5% change"
"acanthina monodon",0.003,0.0344958171764276,"Less than 5% change"
"acanthina monodon",0.004,0.0424395646849929,"Less than 5% change"
"acanthina monodon",0.005,0.0495034867125987,"Less than 5% change"
"acanthina monodon",0.006,0.0558888834167659,"Less than 5% change"
"acanthina monodon",0.007,0.0617298735311467,"Less than 5% change"
"acanthina monodon",0.008,0.0671214028507894,"Less than 5% change"
"acanthina monodon",0.009,0.0721337426491164,"Less than 5% change"
"acanthina monodon",0.01,0.0768207038864821,"Less than 5% change"
"acanthocyclus gayi",0.001,0.0107521917933617,"Less than 5% change"
"acanthocyclus gayi",0.002,0.0189480650285567,"Less than 5% change"
"acanthocyclus gayi",0.003,0.0257529051492345,"Less than 5% change"
"acanthocyclus gayi",0.004,0.0316386547218661,"Less than 5% change"
"acanthocyclus gayi",0.005,0.036855834532501,"Less than 5% change"
"acanthocyclus gayi",0.006,0.0415574753066084,"Less than 5% change"
"acanthocyclus gayi",0.007,0.0458456319966105,"Less than 5% change"
"acanthocyclus gayi",0.008,0.0497926076435062,"Less than 5% change"
"acanthocyclus gayi",0.009,0.0534519485371421,"Less than 5% change"
"acanthocyclus gayi",0.01,0.0568646783757343,"Less than 5% change"
"acanthocyclus hassleri",0.001,0.0107319569439213,"Less than 5% change"
"acanthocyclus hassleri",0.002,0.018912476883326,"Less than 5% change"
"acanthocyclus hassleri",0.003,0.0257046538252759,"Less than 5% change"
"acanthocyclus hassleri",0.004,0.0315795314652201,"Less than 5% change"
"acanthocyclus hassleri",0.005,0.0367871488779592,"Less than 5% change"
"acanthocyclus hassleri",0.006,0.0414802402696424,"Less than 5% change"
"acanthocyclus hassleri",0.007,0.0457606615834161,"Less than 5% change"
"acanthocyclus hassleri",0.008,0.0497005741089573,"Less than 5% change"
"acanthocyclus hassleri",0.009,0.0533534186789808,"Less than 5% change"
"acanthocyclus hassleri",0.01,0.0567601378840266,"Less than 5% change"
"acanthopleura echinata",0.001,-0.00163170637184074,"Less than 5% change"
"acanthopleura echinata",0.002,-0.00302575386533777,"Less than 5% change"
"acanthopleura echinata",0.003,-0.00431838694806563,"Less than 5% change"
"acanthopleura echinata",0.004,-0.00555430728446105,"Less than 5% change"
"acanthopleura echinata",0.005,-0.00675310647236804,"Less than 5% change"
"acanthopleura echinata",0.006,-0.00792475564517225,"Less than 5% change"
"acanthopleura echinata",0.007,-0.00907482699548101,"Less than 5% change"
"acanthopleura echinata",0.008,-0.0102066438537274,"Less than 5% change"
"acanthopleura echinata",0.009,-0.0113222886525932,"Less than 5% change"
"acanthopleura echinata",0.01,-0.0124231203057046,"Less than 5% change"
"chaetopleura peruviana",0.001,0.0210641914640819,"Less than 5% change"
"chaetopleura peruviana",0.002,0.0372145026601878,"Less than 5% change"
"chaetopleura peruviana",0.003,0.0507071710441842,"Less than 5% change"
"chaetopleura peruviana",0.004,0.0624500316174226,"Less than 5% change"
"chaetopleura peruviana",0.005,0.0729225432982927,"Less than 5% change"
"chaetopleura peruviana",0.006,0.082416378070671,"Less than 5% change"
"chaetopleura peruviana",0.007,0.0911253900701015,"Less than 5% change"
"chaetopleura peruviana",0.008,0.0991865336167574,"Less than 5% change"
"chaetopleura peruviana",0.009,0.106700998901843,"Less than 5% change"
"chaetopleura peruviana",0.01,0.11374616343538,"Less than 5% change"
"chiton  cummingsi",0.001,0.120359570885498,"Less than 5% change"
"chiton  cummingsi",0.002,0.213926822382771,"Less than 5% change"
"chiton  cummingsi",0.003,0.29312917336537,"Less than 5% change"
"chiton  cummingsi",0.004,0.36291936638988,"Less than 5% change"
"chiton  cummingsi",0.005,0.425892168913511,"Less than 5% change"
"chiton  cummingsi",0.006,0.483615468940091,"Less than 5% change"
"chiton  cummingsi",0.007,0.53712547064777,"Less than 5% change"
"chiton  cummingsi",0.008,0.587150799551184,"Less than 5% change"
"chiton  cummingsi",0.009,0.634227726745107,"Less than 5% change"
"chiton  cummingsi",0.01,0.678765039124785,"Less than 5% change"
"chiton  granosus",0.001,0.0614627570919346,"Less than 5% change"
"chiton  granosus",0.002,0.108826712696408,"Less than 5% change"
"chiton  granosus",0.003,0.148516553903133,"Less than 5% change"
"chiton  granosus",0.004,0.183133075088482,"Less than 5% change"
"chiton  granosus",0.005,0.21405536520287,"Less than 5% change"
"chiton  granosus",0.006,0.242124927540521,"Less than 5% change"
"chiton  granosus",0.007,0.267902424607636,"Less than 5% change"
"chiton  granosus",0.008,0.291784768407144,"Less than 5% change"
"chiton  granosus",0.009,0.314065738986358,"Less than 5% change"
"chiton  granosus",0.01,0.334970328249629,"Less than 5% change"
"chiton  latus",0.001,0.10651685323293,"Less than 5% change"
"chiton  latus",0.002,0.189545846167394,"Less than 5% change"
"chiton  latus",0.003,0.260010076194428,"Less than 5% change"
"chiton  latus",0.004,0.322252333102524,"Less than 5% change"
"chiton  latus",0.005,0.378543342584647,"Less than 5% change"
"chiton  latus",0.006,0.430252927644204,"Less than 5% change"
"chiton  latus",0.007,0.478285137460599,"Less than 5% change"
"chiton  latus",0.008,0.523274930032991,"Less than 5% change"
"chiton  latus",0.009,0.565689183465423,"Less than 5% change"
"chiton  latus",0.01,0.605883504300686,"Less than 5% change"
"lottia  orbignyi",0.001,0.11381392658496,"Less than 5% change"
"lottia  orbignyi",0.002,0.202394011071738,"Less than 5% change"
"lottia  orbignyi",0.003,0.277457758742172,"Less than 5% change"
"lottia  orbignyi",0.004,0.343670231061388,"Less than 5% change"
"lottia  orbignyi",0.005,0.403473433299362,"Less than 5% change"
"lottia  orbignyi",0.006,0.45834191521259,"Less than 5% change"
"lottia  orbignyi",0.007,0.509249621994079,"Less than 5% change"
"lottia  orbignyi",0.008,0.556881062954195,"Less than 5% change"
"lottia  orbignyi",0.009,0.601739832657278,"Less than 5% change"
"lottia  orbignyi",0.01,0.644209679955288,"Less than 5% change"
"concholepas concholepas",0.001,0.00906790797559065,"Less than 5% change"
"concholepas concholepas",0.002,0.0159620633176205,"Less than 5% change"
"concholepas concholepas",0.003,0.0216721336950831,"Less than 5% change"
"concholepas concholepas",0.004,0.0265994246392509,"Less than 5% change"
"concholepas concholepas",0.005,0.0309571817073584,"Less than 5% change"
"concholepas concholepas",0.006,0.0348757785585185,"Less than 5% change"
"concholepas concholepas",0.007,0.0384422224537273,"Less than 5% change"
"concholepas concholepas",0.008,0.0417181917325316,"Less than 5% change"
"concholepas concholepas",0.009,0.0447493859268011,"Less than 5% change"
"concholepas concholepas",0.01,0.0475708302497324,"Less than 5% change"
"enoplochiton  niger",0.001,-0.021281466862999,"Less than 5% change"
"enoplochiton  niger",0.002,-0.0376737869126176,"Less than 5% change"
"enoplochiton  niger",0.003,-0.0514760663701375,"Less than 5% change"
"enoplochiton  niger",0.004,-0.0635938321622787,"Less than 5% change"
"enoplochiton  niger",0.005,-0.0744980221941693,"Less than 5% change"
"enoplochiton  niger",0.006,-0.0844716788633293,"Less than 5% change"
"enoplochiton  niger",0.007,-0.0937010737333877,"Less than 5% change"
"enoplochiton  niger",0.008,-0.102316730539964,"Less than 5% change"
"enoplochiton  niger",0.009,-0.110414429295036,"Less than 5% change"
"enoplochiton  niger",0.01,-0.118066990634524,"Less than 5% change"
"fissurella  costata",0.001,-0.0640417089663337,"Less than 5% change"
"fissurella  costata",0.002,-0.113561691929798,"Less than 5% change"
"fissurella  costata",0.003,-0.155310331131719,"Less than 5% change"
"fissurella  costata",0.004,-0.191972695348663,"Less than 5% change"
"fissurella  costata",0.005,-0.224954668413091,"Less than 5% change"
"fissurella  costata",0.006,-0.255105625077634,"Less than 5% change"
"fissurella  costata",0.007,-0.282986915879835,"Less than 5% change"
"fissurella  costata",0.008,-0.308993286912429,"Less than 5% change"
"fissurella  costata",0.009,-0.333415285417826,"Less than 5% change"
"fissurella  costata",0.01,-0.356474388581218,"Less than 5% change"
"fissurella  crassa",0.001,-0.0420692245945875,"Less than 5% change"
"fissurella  crassa",0.002,-0.074580911844857,"Less than 5% change"
"fissurella  crassa",0.003,-0.101989369690014,"Less than 5% change"
"fissurella  crassa",0.004,-0.126062437697272,"Less than 5% change"
"fissurella  crassa",0.005,-0.147724322641685,"Less than 5% change"
"fissurella  crassa",0.006,-0.167532725125141,"Less than 5% change"
"fissurella  crassa",0.007,-0.185855870757079,"Less than 5% change"
"fissurella  crassa",0.008,-0.202952488290975,"Less than 5% change"
"fissurella  crassa",0.009,-0.219012879864378,"Less than 5% change"
"fissurella  crassa",0.01,-0.234182022314799,"Less than 5% change"
"fissurella  cummingi",0.001,-0.0373055597715943,"Less than 5% change"
"fissurella  cummingi",0.002,-0.0661188929843348,"Less than 5% change"
"fissurella  cummingi",0.003,-0.0904034969986034,"Less than 5% change"
"fissurella  cummingi",0.004,-0.111730435118251,"Less than 5% change"
"fissurella  cummingi",0.005,-0.130920363266174,"Less than 5% change"
"fissurella  cummingi",0.006,-0.148468189313522,"Less than 5% change"
"fissurella  cummingi",0.007,-0.164700518776795,"Less than 5% change"
"fissurella  cummingi",0.008,-0.179846743637224,"Less than 5% change"
"fissurella  cummingi",0.009,-0.194075530481486,"Less than 5% change"
"fissurella  cummingi",0.01,-0.207515336210529,"Less than 5% change"
"fissurella  limbata",0.001,0.127683156322678,"Less than 5% change"
"fissurella  limbata",0.002,0.219120222958247,"Less than 5% change"
"fissurella  limbata",0.003,0.29233431856357,"Less than 5% change"
"fissurella  limbata",0.004,0.3541204269075,"Less than 5% change"
"fissurella  limbata",0.005,0.407909722062638,"Less than 5% change"
"fissurella  limbata",0.006,0.455717662284605,"Less than 5% change"
"fissurella  limbata",0.007,0.498845582436269,"Less than 5% change"
"fissurella  limbata",0.008,0.538190415577033,"Less than 5% change"
"fissurella  limbata",0.009,0.574400731964997,"Less than 5% change"
"fissurella  limbata",0.01,0.607963083492735,"Less than 5% change"
"fissurella  maxima",0.001,-0.0312039858282209,"Less than 5% change"
"fissurella  maxima",0.002,-0.0552912470690337,"Less than 5% change"
"fissurella  maxima",0.003,-0.0755897348851731,"Less than 5% change"
"fissurella  maxima",0.004,-0.0934163880030314,"Less than 5% change"
"fissurella  maxima",0.005,-0.109458334318624,"Less than 5% change"
"fissurella  maxima",0.006,-0.124129592608979,"Less than 5% change"
"fissurella  maxima",0.007,-0.137703193115624,"Less than 5% change"
"fissurella  maxima",0.008,-0.150370785596698,"Less than 5% change"
"fissurella  maxima",0.009,-0.162273214868236,"Less than 5% change"
"fissurella  maxima",0.01,-0.173517702469694,"Less than 5% change"
"fissurella  picta",0.001,-0.035713375558788,"Less than 5% change"
"fissurella  picta",0.002,-0.0632940185552711,"Less than 5% change"
"fissurella  picta",0.003,-0.0865393196057052,"Less than 5% change"
"fissurella  picta",0.004,-0.106953919813169,"Less than 5% change"
"fissurella  picta",0.005,-0.125323572889646,"Less than 5% change"
"fissurella  picta",0.006,-0.142122043184201,"Less than 5% change"
"fissurella  picta",0.007,-0.157661932158859,"Less than 5% change"
"fissurella  picta",0.008,-0.172162766382022,"Less than 5% change"
"fissurella  picta",0.009,-0.185785940202066,"Less than 5% change"
"fissurella  picta",0.01,-0.198654359967676,"Less than 5% change"
"fissurella  puhlcra",0.001,-0.0357133755588324,"Less than 5% change"
"fissurella  puhlcra",0.002,-0.0632940185552933,"Less than 5% change"
"fissurella  puhlcra",0.003,-0.0865393196057274,"Less than 5% change"
"fissurella  puhlcra",0.004,-0.106953919813191,"Less than 5% change"
"fissurella  puhlcra",0.005,-0.125323572889668,"Less than 5% change"
"fissurella  puhlcra",0.006,-0.142122043184223,"Less than 5% change"
"fissurella  puhlcra",0.007,-0.157661932158881,"Less than 5% change"
"fissurella  puhlcra",0.008,-0.172162766382045,"Less than 5% change"
"fissurella  puhlcra",0.009,-0.185785940202088,"Less than 5% change"
"fissurella  puhlcra",0.01,-0.198654359967698,"Less than 5% change"
"heliaster helianthus",0.001,0.00877932873739606,"Less than 5% change"
"heliaster helianthus",0.002,0.0154565262778572,"Less than 5% change"
"heliaster helianthus",0.003,0.0209882580517018,"Less than 5% change"
"heliaster helianthus",0.004,0.0257625760025526,"Less than 5% change"
"heliaster helianthus",0.005,0.0299857268071468,"Less than 5% change"
"heliaster helianthus",0.006,0.0337838250377587,"Less than 5% change"
"heliaster helianthus",0.007,0.0372410461368933,"Less than 5% change"
"heliaster helianthus",0.008,0.0404170672283266,"Less than 5% change"
"heliaster helianthus",0.009,0.0433561090260604,"Less than 5% change"
"heliaster helianthus",0.01,0.0460920659918429,"Less than 5% change"
"scurria  araucana",0.001,0.113987375086988,"Less than 5% change"
"scurria  araucana",0.002,0.202711341704043,"Less than 5% change"
"scurria  araucana",0.003,0.277900677899212,"Less than 5% change"
"scurria  araucana",0.004,0.344225739999371,"Less than 5% change"
"scurria  araucana",0.005,0.404131591580792,"Less than 5% change"
"scurria  araucana",0.006,0.459094762499079,"Less than 5% change"
"scurria  araucana",0.007,0.510090577662559,"Less than 5% change"
"scurria  araucana",0.008,0.557804558572306,"Less than 5% change"
"scurria  araucana",0.009,0.602741071290858,"Less than 5% change"
"scurria  araucana",0.01,0.64528447033354,"Less than 5% change"
"scurria  ceciliana",0.001,0.116754235837324,"Less than 5% change"
"scurria  ceciliana",0.002,0.207587232185014,"Less than 5% change"
"scurria  ceciliana",0.003,0.284527001661106,"Less than 5% change"
"scurria  ceciliana",0.004,0.352365304408431,"Less than 5% change"
"scurria  ceciliana",0.005,0.413611722310914,"Less than 5% change"
"scurria  ceciliana",0.006,0.469782229926818,"Less than 5% change"
"scurria  ceciliana",0.007,0.521878475454063,"Less than 5% change"
"scurria  ceciliana",0.008,0.570604640252736,"Less than 5% change"
"scurria  ceciliana",0.009,0.616478916191587,"Less than 5% change"
"scurria  ceciliana",0.01,0.659896254653281,"Less than 5% change"
"scurria  plana",0.001,0.114868687346381,"Less than 5% change"
"scurria  plana",0.002,0.204260919263,"Less than 5% change"
"scurria  plana",0.003,0.280001875799285,"Less than 5% change"
"scurria  plana",0.004,0.346801215638459,"Less than 5% change"
"scurria  plana",0.005,0.407124965968686,"Less than 5% change"
"scurria  plana",0.006,0.462462510760608,"Less than 5% change"
"scurria  plana",0.007,0.513797773477354,"Less than 5% change"
"scurria  plana",0.008,0.561822382778843,"Less than 5% change"
"scurria  plana",0.009,0.607045236981318,"Less than 5% change"
"scurria  plana",0.01,0.649854168889674,"Less than 5% change"
"scurria scurra",0.001,-6.98217421437312,"Decrease"
"scurria scurra",0.002,-12.0892702159152,"Decrease"
"scurria scurra",0.003,-16.2419684174516,"Decrease"
"scurria scurra",0.004,-19.7906225052234,"Decrease"
"scurria scurra",0.005,-22.9133224012068,"Decrease"
"scurria scurra",0.006,-25.7152401715782,"Decrease"
"scurria scurra",0.007,-28.2645966249266,"Decrease"
"scurria scurra",0.008,-30.6086054507397,"Decrease"
"scurria scurra",0.009,-32.7815344267999,"Decrease"
"scurria scurra",0.01,-34.809179951007,"Decrease"
"scurria variabilis",0.001,0.1271156613458,"Less than 5% change"
"scurria variabilis",0.002,0.22586065125576,"Less than 5% change"
"scurria variabilis",0.003,0.309379244270303,"Less than 5% change"
"scurria variabilis",0.004,0.38291530738348,"Less than 5% change"
"scurria variabilis",0.005,0.44921837395111,"Less than 5% change"
"scurria variabilis",0.006,0.509950965029393,"Less than 5% change"
"scurria variabilis",0.007,0.566212443091008,"Less than 5% change"
"scurria variabilis",0.008,0.618776208297867,"Less than 5% change"
"scurria variabilis",0.009,0.668211710223621,"Less than 5% change"
"scurria variabilis",0.01,0.714953168883992,"Less than 5% change"
"scurria viridula",0.001,0.143110707981586,"Less than 5% change"
"scurria viridula",0.002,0.254083061869004,"Less than 5% change"
"scurria viridula",0.003,0.347780071491233,"Less than 5% change"
"scurria viridula",0.004,0.430141052760091,"Less than 5% change"
"scurria viridula",0.005,0.504284369775077,"Less than 5% change"
"scurria viridula",0.006,0.572097668907534,"Less than 5% change"
"scurria viridula",0.007,0.634830350686055,"Less than 5% change"
"scurria viridula",0.008,0.693362058491864,"Less than 5% change"
"scurria viridula",0.009,0.748340892590549,"Less than 5% change"
"scurria viridula",0.01,0.800261312728323,"Less than 5% change"
"scurria zebrina",0.001,0.146018457996844,"Less than 5% change"
"scurria zebrina",0.002,0.259192972926914,"Less than 5% change"
"scurria zebrina",0.003,0.354713441760168,"Less than 5% change"
"scurria zebrina",0.004,0.43864976783079,"Less than 5% change"
"scurria zebrina",0.005,0.514188990249997,"Less than 5% change"
"scurria zebrina",0.006,0.583260407308428,"Less than 5% change"
"scurria zebrina",0.007,0.647141038064825,"Less than 5% change"
"scurria zebrina",0.008,0.706730000272882,"Less than 5% change"
"scurria zebrina",0.009,0.762689759081314,"Less than 5% change"
"scurria zebrina",0.01,0.815525742304679,"Less than 5% change"
"siphonaria lesoni",0.001,0.104461179837956,"Less than 5% change"
"siphonaria lesoni",0.002,0.185932463701954,"Less than 5% change"
"siphonaria lesoni",0.003,0.255111058162294,"Less than 5% change"
"siphonaria lesoni",0.004,0.31624785716684,"Less than 5% change"
"siphonaria lesoni",0.005,0.371564637877198,"Less than 5% change"
"siphonaria lesoni",0.006,0.422401240750281,"Less than 5% change"
"siphonaria lesoni",0.007,0.469641674929888,"Less than 5% change"
"siphonaria lesoni",0.008,0.513906674401188,"Less than 5% change"
"siphonaria lesoni",0.009,0.555652567253562,"Less than 5% change"
"siphonaria lesoni",0.01,0.595226867295451,"Less than 5% change"
"stichaster striatus",0.001,0.0145058872676129,"Less than 5% change"
"stichaster striatus",0.002,0.0256070658033014,"Less than 5% change"
"stichaster striatus",0.003,0.0348577658042082,"Less than 5% change"
"stichaster striatus",0.004,0.0428865098480724,"Less than 5% change"
"stichaster striatus",0.005,0.050026497978406,"Less than 5% change"
"stichaster striatus",0.006,0.0564810414023675,"Less than 5% change"
"stichaster striatus",0.007,0.0623856032520909,"Less than 5% change"
"stichaster striatus",0.008,0.0678360839909908,"Less than 5% change"
"stichaster striatus",0.009,0.0729034634834091,"Less than 5% change"
"stichaster striatus",0.01,0.0776420967512959,"Less than 5% change"
"tegula atra",0.001,17.6367333994707,"Increase"
"tegula atra",0.002,31.5404567517169,"Increase"
"tegula atra",0.003,43.4007020308898,"Increase"
"tegula atra",0.004,53.9006783353871,"Increase"
"tegula atra",0.005,63.4030896168419,"Increase"
"tegula atra",0.006,72.1297077931681,"Increase"
"tegula atra",0.007,80.2286545147288,"Increase"
"tegula atra",0.008,87.8050697376508,"Increase"
"tegula atra",0.009,94.9369909713373,"Increase"
"tegula atra",0.01,101.684354401094,"Increase"
"Tonicia lineolata",0.001,-0.274137686102927,"Less than 5% change"
"Tonicia lineolata",0.002,-0.484294096228588,"Less than 5% change"
"Tonicia lineolata",0.003,-0.65994828257333,"Less than 5% change"
"Tonicia lineolata",0.004,-0.812929582227917,"Less than 5% change"
"Tonicia lineolata",0.005,-0.949471413134129,"Less than 5% change"
"Tonicia lineolata",0.006,-1.07335855865346,"Less than 5% change"
"Tonicia lineolata",0.007,-1.18710240684016,"Less than 5% change"
"Tonicia lineolata",0.008,-1.29247472952621,"Less than 5% change"
"Tonicia lineolata",0.009,-1.39078305401399,"Less than 5% change"
"Tonicia lineolata",0.01,-1.48302619202145,"Less than 5% change"
"tonicia  chilensis",0.001,-0.274137686102927,"Less than 5% change"
"tonicia  chilensis",0.002,-0.484294096228588,"Less than 5% change"
"tonicia  chilensis",0.003,-0.659948282573308,"Less than 5% change"
"tonicia  chilensis",0.004,-0.812929582227917,"Less than 5% change"
"tonicia  chilensis",0.005,-0.949471413134118,"Less than 5% change"
"tonicia  chilensis",0.006,-1.0733585586534,"Less than 5% change"
"tonicia  chilensis",0.007,-1.18710240684016,"Less than 5% change"
"tonicia  chilensis",0.008,-1.29247472952619,"Less than 5% change"
"tonicia  chilensis",0.009,-1.39078305401394,"Less than 5% change"
"tonicia  chilensis",0.01,-1.48302619202144,"Less than 5% change"
"tonicia  elegans",0.001,-0.274137686102904,"Less than 5% change"
"tonicia  elegans",0.002,-0.484294096228599,"Less than 5% change"
"tonicia  elegans",0.003,-0.659948282573353,"Less than 5% change"
"tonicia  elegans",0.004,-0.812929582227917,"Less than 5% change"
"tonicia  elegans",0.005,-0.949471413134084,"Less than 5% change"
"tonicia  elegans",0.006,-1.07335855865346,"Less than 5% change"
"tonicia  elegans",0.007,-1.18710240684017,"Less than 5% change"
"tonicia  elegans",0.008,-1.29247472952621,"Less than 5% change"
"tonicia  elegans",0.009,-1.390783054014,"Less than 5% change"
"tonicia  elegans",0.01,-1.48302619202145,"Less than 5% change"
"anthotoe spp.",0.001,0.0158470849701553,"Less than 5% change"
"anthotoe spp.",0.002,0.0279797439221463,"Less than 5% change"
"anthotoe spp.",0.003,0.0380930494962683,"Less than 5% change"
"anthotoe spp.",0.004,0.0468726531655861,"Less than 5% change"
"anthotoe spp.",0.005,0.0546820945349191,"Less than 5% change"
"anthotoe spp.",0.006,0.0617432204304658,"Less than 5% change"
"anthotoe spp.",0.007,0.0682038559478571,"Less than 5% change"
"anthotoe spp.",0.008,0.0741686601706038,"Less than 5% change"
"anthotoe spp.",0.009,0.0797151001064922,"Less than 5% change"
"anthotoe spp.",0.01,0.0849025016416594,"Less than 5% change"
"austromegabalanus psittacus",0.001,0.0109148385775804,"Less than 5% change"
"austromegabalanus psittacus",0.002,0.0191787525272158,"Less than 5% change"
"austromegabalanus psittacus",0.003,0.0259982836322115,"Less than 5% change"
"austromegabalanus psittacus",0.004,0.031862906645963,"Less than 5% change"
"austromegabalanus psittacus",0.005,0.0370328867585146,"Less than 5% change"
"austromegabalanus psittacus",0.006,0.0416674420004703,"Less than 5% change"
"austromegabalanus psittacus",0.007,0.0458728859549007,"Less than 5% change"
"austromegabalanus psittacus",0.008,0.0497246161120124,"Less than 5% change"
"austromegabalanus psittacus",0.009,0.0532785163870786,"Less than 5% change"
"austromegabalanus psittacus",0.01,0.056577428637361,"Less than 5% change"
"balanus laevis",0.001,0.0662776108674823,"Less than 5% change"
"balanus laevis",0.002,0.118287238444426,"Less than 5% change"
"balanus laevis",0.003,0.162711056852394,"Less than 5% change"
"balanus laevis",0.004,0.202188673735937,"Less than 5% change"
"balanus laevis",0.005,0.238092916929222,"Less than 5% change"
"balanus laevis",0.006,0.271248236106825,"Less than 5% change"
"balanus laevis",0.007,0.302196685042588,"Less than 5% change"
"balanus laevis",0.008,0.331317757202365,"Less than 5% change"
"balanus laevis",0.009,0.358889744149971,"Less than 5% change"
"balanus laevis",0.01,0.385124144694804,"Less than 5% change"
"brachidontes granulata",0.001,0.00615138502528811,"Less than 5% change"
"brachidontes granulata",0.002,0.0107799849085044,"Less than 5% change"
"brachidontes granulata",0.003,0.0145760738209821,"Less than 5% change"
"brachidontes granulata",0.004,0.0178207847616241,"Less than 5% change"
"brachidontes granulata",0.005,0.0206640627889554,"Less than 5% change"
"brachidontes granulata",0.006,0.0231978639743335,"Less than 5% change"
"brachidontes granulata",0.007,0.0254837126409058,"Less than 5% change"
"brachidontes granulata",0.008,0.0275653129040432,"Less than 5% change"
"brachidontes granulata",0.009,0.0294751005066818,"Less than 5% change"
"brachidontes granulata",0.01,0.0312379675238672,"Less than 5% change"
"bunodactis spp.",0.001,0.0158470849701331,"Less than 5% change"
"bunodactis spp.",0.002,0.0279797439221685,"Less than 5% change"
"bunodactis spp.",0.003,0.0380930494962906,"Less than 5% change"
"bunodactis spp.",0.004,0.0468726531655417,"Less than 5% change"
"bunodactis spp.",0.005,0.0546820945348969,"Less than 5% change"
"bunodactis spp.",0.006,0.0617432204304658,"Less than 5% change"
"bunodactis spp.",0.007,0.0682038559478571,"Less than 5% change"
"bunodactis spp.",0.008,0.0741686601706038,"Less than 5% change"
"bunodactis spp.",0.009,0.07971510010647,"Less than 5% change"
"bunodactis spp.",0.01,0.0849025016416594,"Less than 5% change"
"Oulactis concinnata",0.001,0.0158470849701775,"Less than 5% change"
"Oulactis concinnata",0.002,0.0279797439221907,"Less than 5% change"
"Oulactis concinnata",0.003,0.0380930494963128,"Less than 5% change"
"Oulactis concinnata",0.004,0.0468726531656305,"Less than 5% change"
"Oulactis concinnata",0.005,0.0546820945348969,"Less than 5% change"
"Oulactis concinnata",0.006,0.061743220430488,"Less than 5% change"
"Oulactis concinnata",0.007,0.0682038559478793,"Less than 5% change"
"Oulactis concinnata",0.008,0.0741686601706704,"Less than 5% change"
"Oulactis concinnata",0.009,0.0797151001064922,"Less than 5% change"
"Oulactis concinnata",0.01,0.0849025016417038,"Less than 5% change"
"jhelius cirratus",0.001,-0.0564597353729157,"Less than 5% change"
"jhelius cirratus",0.002,-0.0995515586113993,"Less than 5% change"
"jhelius cirratus",0.003,-0.135424629168124,"Less than 5% change"
"jhelius cirratus",0.004,-0.166551042868979,"Less than 5% change"
"jhelius cirratus",0.005,-0.194235379430863,"Less than 5% change"
"jhelius cirratus",0.006,-0.219270688325024,"Less than 5% change"
"jhelius cirratus",0.007,-0.242183698989562,"Less than 5% change"
"jhelius cirratus",0.008,-0.263346299692346,"Less than 5% change"
"jhelius cirratus",0.009,-0.283033099221075,"Less than 5% change"
"jhelius cirratus",0.01,-0.301453964186194,"Less than 5% change"
"lessonia nigrescens a",0.001,-4.10395864010017,"Less than 5% change"
"lessonia nigrescens a",0.002,-7.11777664348998,"Decrease"
"lessonia nigrescens a",0.003,-9.57639540189988,"Decrease"
"lessonia nigrescens a",0.004,-11.6834359864655,"Decrease"
"lessonia nigrescens a",0.005,-13.5424294912454,"Decrease"
"lessonia nigrescens a",0.006,-15.2145330860342,"Decrease"
"lessonia nigrescens a",0.007,-16.7394275835191,"Decrease"
"lessonia nigrescens a",0.008,-18.1445824451759,"Decrease"
"lessonia nigrescens a",0.009,-19.4499405950281,"Decrease"
"lessonia nigrescens a",0.01,-20.6705191006928,"Decrease"
"nothobalanus flosculus",0.001,0.0519545151924428,"Less than 5% change"
"nothobalanus flosculus",0.002,0.0923223303812559,"Less than 5% change"
"nothobalanus flosculus",0.003,0.126482962400876,"Less than 5% change"
"nothobalanus flosculus",0.004,0.156578649728289,"Less than 5% change"
"nothobalanus flosculus",0.005,0.18373114822039,"Less than 5% change"
"nothobalanus flosculus",0.006,0.208618018948714,"Less than 5% change"
"nothobalanus flosculus",0.007,0.231686919602425,"Less than 5% change"
"nothobalanus flosculus",0.008,0.253252549300464,"Less than 5% change"
"nothobalanus flosculus",0.009,0.273546478425613,"Less than 5% change"
"nothobalanus flosculus",0.01,0.292745195389599,"Less than 5% change"
"nothochthamalus scabrosus",0.001,-0.0526541855450313,"Less than 5% change"
"nothochthamalus scabrosus",0.002,-0.0928563894261325,"Less than 5% change"
"nothochthamalus scabrosus",0.003,-0.126336279944439,"Less than 5% change"
"nothochthamalus scabrosus",0.004,-0.155396614038716,"Less than 5% change"
"nothochthamalus scabrosus",0.005,-0.18125230887619,"Less than 5% change"
"nothochthamalus scabrosus",0.006,-0.204641758898827,"Less than 5% change"
"nothochthamalus scabrosus",0.007,-0.226055310604933,"Less than 5% change"
"nothochthamalus scabrosus",0.008,-0.245839116943025,"Less than 5% change"
"nothochthamalus scabrosus",0.009,-0.264248754456031,"Less than 5% change"
"nothochthamalus scabrosus",0.01,-0.281479526837436,"Less than 5% change"
"parantheopsis ",0.001,0.0158470849701997,"Less than 5% change"
"parantheopsis ",0.002,0.0279797439221907,"Less than 5% change"
"parantheopsis ",0.003,0.0380930494962906,"Less than 5% change"
"parantheopsis ",0.004,0.0468726531656305,"Less than 5% change"
"parantheopsis ",0.005,0.0546820945349191,"Less than 5% change"
"parantheopsis ",0.006,0.0617432204305102,"Less than 5% change"
"parantheopsis ",0.007,0.0682038559479015,"Less than 5% change"
"parantheopsis ",0.008,0.0741686601706482,"Less than 5% change"
"parantheopsis ",0.009,0.0797151001065366,"Less than 5% change"
"parantheopsis ",0.01,0.0849025016417038,"Less than 5% change"
"perumytilus purpuratus",0.001,0.0856774220148848,"Less than 5% change"
"perumytilus purpuratus",0.002,0.152000520069562,"Less than 5% change"
"perumytilus purpuratus",0.003,0.207794735297728,"Less than 5% change"
"perumytilus purpuratus",0.004,0.25662916159277,"Less than 5% change"
"perumytilus purpuratus",0.005,0.300394539763982,"Less than 5% change"
"perumytilus purpuratus",0.006,0.340243647458216,"Less than 5% change"
"perumytilus purpuratus",0.007,0.376944033573001,"Less than 5% change"
"perumytilus purpuratus",0.008,0.411038790814833,"Less than 5% change"
"perumytilus purpuratus",0.009,0.442929740222042,"Less than 5% change"
"perumytilus purpuratus",0.01,0.47292453280634,"Less than 5% change"
"phragmatopoma spp.",0.001,0.00523179785461014,"Less than 5% change"
"phragmatopoma spp.",0.002,0.00916850065035835,"Less than 5% change"
"phragmatopoma spp.",0.003,0.0123971749316665,"Less than 5% change"
"phragmatopoma spp.",0.004,0.0151569183403755,"Less than 5% change"
"phragmatopoma spp.",0.005,0.0175752553666753,"Less than 5% change"
"phragmatopoma spp.",0.006,0.0197303920121072,"Less than 5% change"
"phragmatopoma spp.",0.007,0.0216746527660794,"Less than 5% change"
"phragmatopoma spp.",0.008,0.0234452064836521,"Less than 5% change"
"phragmatopoma spp.",0.009,0.0250696385844407,"Less than 5% change"
"phragmatopoma spp.",0.01,0.0265691188273021,"Less than 5% change"
"phymactis spp.",0.001,0.0158470849701775,"Less than 5% change"
"phymactis spp.",0.002,0.0279797439221685,"Less than 5% change"
"phymactis spp.",0.003,0.0380930494962683,"Less than 5% change"
"phymactis spp.",0.004,0.0468726531655861,"Less than 5% change"
"phymactis spp.",0.005,0.0546820945348969,"Less than 5% change"
"phymactis spp.",0.006,0.0617432204304658,"Less than 5% change"
"phymactis spp.",0.007,0.0682038559478571,"Less than 5% change"
"phymactis spp.",0.008,0.074168660170626,"Less than 5% change"
"phymactis spp.",0.009,0.0797151001065144,"Less than 5% change"
"phymactis spp.",0.01,0.0849025016416816,"Less than 5% change"
"pyura chilensis",0.001,0.00508281654831855,"Less than 5% change"
"pyura chilensis",0.002,0.00890742119870058,"Less than 5% change"
"pyura chilensis",0.003,0.0120441618852274,"Less than 5% change"
"pyura chilensis",0.004,0.0147253270075698,"Less than 5% change"
"pyura chilensis",0.005,0.0170748092186646,"Less than 5% change"
"pyura chilensis",0.006,0.0191685872095171,"Less than 5% change"
"pyura chilensis",0.007,0.0210574952413722,"Less than 5% change"
"pyura chilensis",0.008,0.0227776435670846,"Less than 5% change"
"pyura chilensis",0.009,0.0243558319391823,"Less than 5% change"
"pyura chilensis",0.01,0.0258126271696968,"Less than 5% change"
"semimytilus algosus",0.001,0.0446420399407232,"Less than 5% change"
"semimytilus algosus",0.002,0.07912794471443,"Less than 5% change"
"semimytilus algosus",0.003,0.108087613860164,"Less than 5% change"
"semimytilus algosus",0.004,0.133394303085677,"Less than 5% change"
"semimytilus algosus",0.005,0.156040795625945,"Less than 5% change"
"semimytilus algosus",0.006,0.17663259778129,"Less than 5% change"
"semimytilus algosus",0.007,0.195572981809122,"Less than 5% change"
"semimytilus algosus",0.008,0.213147349687737,"Less than 5% change"
"semimytilus algosus",0.009,0.229566895024558,"Less than 5% change"
"semimytilus algosus",0.01,0.244993332152088,"Less than 5% change"
"gulls",0.001,0.0127941834166867,"Less than 5% change"
"gulls",0.002,0.0226876136818488,"Less than 5% change"
"gulls",0.003,0.0310003456712504,"Less than 5% change"
"gulls",0.004,0.0382672095042613,"Less than 5% change"
"gulls",0.005,0.0447719223487075,"Less than 5% change"
"gulls",0.006,0.0506876533845624,"Less than 5% change"
"gulls",0.007,0.0561298046711123,"Less than 5% change"
"gulls",0.008,0.061180089941093,"Less than 5% change"
"gulls",0.009,0.0658990030355078,"Less than 5% change"
"gulls",0.01,0.0703328830029548,"Less than 5% change"
"cinclodes nigrofumosus",0.001,-0.000144815109315299,"Less than 5% change"
"cinclodes nigrofumosus",0.002,-0.000230638477249911,"Less than 5% change"
"cinclodes nigrofumosus",0.003,-0.000287628394990413,"Less than 5% change"
"cinclodes nigrofumosus",0.004,-0.000326984742127223,"Less than 5% change"
"cinclodes nigrofumosus",0.005,-0.000354306704419827,"Less than 5% change"
"cinclodes nigrofumosus",0.006,-0.000372856059116522,"Less than 5% change"
"cinclodes nigrofumosus",0.007,-0.000384722710278229,"Less than 5% change"
"cinclodes nigrofumosus",0.008,-0.000391336196958747,"Less than 5% change"
"cinclodes nigrofumosus",0.009,-0.000393722210745295,"Less than 5% change"
"cinclodes nigrofumosus",0.01,-0.000392644002744635,"Less than 5% change"
"Echinolittorina peruviana",0.001,-23.8339426221142,"Decrease"
"Echinolittorina peruviana",0.002,-38.9917954580534,"Decrease"
"Echinolittorina peruviana",0.003,-49.7693150751673,"Decrease"
"Echinolittorina peruviana",0.004,-57.875923645341,"Decrease"
"Echinolittorina peruviana",0.005,-64.1925905095296,"Decrease"
"Echinolittorina peruviana",0.006,-69.2378919628036,"Decrease"
"Echinolittorina peruviana",0.007,-73.3433842576546,"Decrease"
"Echinolittorina peruviana",0.008,-76.7334447290104,"Decrease"
"Echinolittorina peruviana",0.009,-79.5663802236522,"Decrease"
"Echinolittorina peruviana",0.01,-81.9575145980308,"Decrease"
"austrolittorina araucana",0.001,-22.2966674298378,"Decrease"
"austrolittorina araucana",0.002,-36.869930678396,"Decrease"
"austrolittorina araucana",0.003,-47.4466187771406,"Decrease"
"austrolittorina araucana",0.004,-55.5339167930352,"Decrease"
"austrolittorina araucana",0.005,-61.9216787831962,"Decrease"
"austrolittorina araucana",0.006,-67.082521825566,"Decrease"
"austrolittorina araucana",0.007,-71.32336106432,"Decrease"
"austrolittorina araucana",0.008,-74.8549502464378,"Decrease"
"austrolittorina araucana",0.009,-77.8280107797375,"Decrease"
"austrolittorina araucana",0.01,-80.3537207888859,"Decrease"
"onchidella sp. ",0.001,-5.86873907898092,"Decrease"
"onchidella sp. ",0.002,-10.330011436638,"Decrease"
"onchidella sp. ",0.003,-14.0243738453092,"Decrease"
"onchidella sp. ",0.004,-17.2116954416973,"Decrease"
"onchidella sp. ",0.005,-20.0300860516988,"Decrease"
"onchidella sp. ",0.006,-22.563984962151,"Decrease"
"onchidella sp. ",0.007,-24.8697422979777,"Decrease"
"onchidella sp. ",0.008,-26.987301404455,"Decrease"
"onchidella sp. ",0.009,-28.9462553857664,"Decrease"
"onchidella sp. ",0.01,-30.7692833096466,"Decrease"
"Allelopetrolisthes punctatus",0.001,-0.000117515078801311,"Less than 5% change"
"Allelopetrolisthes punctatus",0.002,-0.000208766756892853,"Less than 5% change"
"Allelopetrolisthes punctatus",0.003,-0.000285656649101629,"Less than 5% change"
"Allelopetrolisthes punctatus",0.004,-0.000353022490595656,"Less than 5% change"
"Allelopetrolisthes punctatus",0.005,-0.000413435854595967,"Less than 5% change"
"Allelopetrolisthes punctatus",0.006,-0.000468468695369317,"Less than 5% change"
"Allelopetrolisthes punctatus",0.007,-0.000519169850943246,"Less than 5% change"
"Allelopetrolisthes punctatus",0.008,-0.000566282735225965,"Less than 5% change"
"Allelopetrolisthes punctatus",0.009,-0.000610358195640703,"Less than 5% change"
"Allelopetrolisthes punctatus",0.01,-0.00065181852045848,"Less than 5% change"
"petrolisthes spinifrons",0.001,-0.000117515079200992,"Less than 5% change"
"petrolisthes spinifrons",0.002,-0.000208766757092693,"Less than 5% change"
"petrolisthes spinifrons",0.003,-0.000285656649390287,"Less than 5% change"
"petrolisthes spinifrons",0.004,-0.000353022490839905,"Less than 5% change"
"petrolisthes spinifrons",0.005,-0.000413435854795807,"Less than 5% change"
"petrolisthes spinifrons",0.006,-0.000468468695424828,"Less than 5% change"
"petrolisthes spinifrons",0.007,-0.000519169851087575,"Less than 5% change"
"petrolisthes spinifrons",0.008,-0.0005662827354036,"Less than 5% change"
"petrolisthes spinifrons",0.009,-0.000610358195918259,"Less than 5% change"
"petrolisthes spinifrons",0.01,-0.000651818520591707,"Less than 5% change"
"petrolisthes angulosus",0.001,-0.000117515079012254,"Less than 5% change"
"petrolisthes angulosus",0.002,-0.000208766756948364,"Less than 5% change"
"petrolisthes angulosus",0.003,-0.000285656649223753,"Less than 5% change"
"petrolisthes angulosus",0.004,-0.00035302249071778,"Less than 5% change"
"petrolisthes angulosus",0.005,-0.000413435854618172,"Less than 5% change"
"petrolisthes angulosus",0.006,-0.000468468695469237,"Less than 5% change"
"petrolisthes angulosus",0.007,-0.000519169850887735,"Less than 5% change"
"petrolisthes angulosus",0.008,-0.00056628273530368,"Less than 5% change"
"petrolisthes angulosus",0.009,-0.000610358195862748,"Less than 5% change"
"petrolisthes angulosus",0.01,-0.000651818520502889,"Less than 5% change"
"petrolisthes tuberculatus",0.001,-0.000117515079056663,"Less than 5% change"
"petrolisthes tuberculatus",0.002,-0.000208766757014978,"Less than 5% change"
"petrolisthes tuberculatus",0.003,-0.000285656649245958,"Less than 5% change"
"petrolisthes tuberculatus",0.004,-0.000353022490706678,"Less than 5% change"
"petrolisthes tuberculatus",0.005,-0.000413435854595967,"Less than 5% change"
"petrolisthes tuberculatus",0.006,-0.000468468695447033,"Less than 5% change"
"petrolisthes tuberculatus",0.007,-0.000519169851043166,"Less than 5% change"
"petrolisthes tuberculatus",0.008,-0.000566282735225965,"Less than 5% change"
"petrolisthes tuberculatus",0.009,-0.000610358195929361,"Less than 5% change"
"petrolisthes tuberculatus",0.01,-0.000651818520547298,"Less than 5% change"
"petrolisthes tuberculosus",0.001,-0.000117515079067765,"Less than 5% change"
"petrolisthes tuberculosus",0.002,-0.000208766756959466,"Less than 5% change"
"petrolisthes tuberculosus",0.003,-0.000285656649268162,"Less than 5% change"
"petrolisthes tuberculosus",0.004,-0.000353022490640065,"Less than 5% change"
"petrolisthes tuberculosus",0.005,-0.00041343585456266,"Less than 5% change"
"petrolisthes tuberculosus",0.006,-0.000468468695358215,"Less than 5% change"
"petrolisthes tuberculosus",0.007,-0.000519169850998757,"Less than 5% change"
"petrolisthes tuberculosus",0.008,-0.000566282735170454,"Less than 5% change"
"petrolisthes tuberculosus",0.009,-0.000610358195807237,"Less than 5% change"
"petrolisthes tuberculosus",0.01,-0.000651818520525094,"Less than 5% change"
"trimusculus peruvianus",0.001,-5.84917869990349,"Decrease"
"trimusculus peruvianus",0.002,-10.2957374218867,"Decrease"
"trimusculus peruvianus",0.003,-13.9780276408635,"Decrease"
"trimusculus peruvianus",0.004,-17.1550224981322,"Decrease"
"trimusculus peruvianus",0.005,-19.9643551955756,"Decrease"
"trimusculus peruvianus",0.006,-22.4901734492457,"Decrease"
"trimusculus peruvianus",0.007,-24.7886327417127,"Decrease"
"trimusculus peruvianus",0.008,-26.8995384337283,"Decrease"
"trimusculus peruvianus",0.009,-28.8523814044388,"Decrease"
"trimusculus peruvianus",0.01,-30.669762395742,"Decrease"
"lessonia nigrescens j",0.001,41.3791040538328,"Increase"
"lessonia nigrescens j",0.002,71.7643048487194,"Increase"
"lessonia nigrescens j",0.003,96.5503851364283,"Increase"
"lessonia nigrescens j",0.004,117.790833189214,"Increase"
"lessonia nigrescens j",0.005,136.529747028391,"Increase"
"lessonia nigrescens j",0.006,153.383889904887,"Increase"
"lessonia nigrescens j",0.007,168.753438830053,"Increase"
"lessonia nigrescens j",0.008,182.915420795765,"Increase"
"lessonia nigrescens j",0.009,196.070958491094,"Increase"
"lessonia nigrescens j",0.01,208.371497847095,"Increase"
"algae",0.001,-0.340940935176814,"Less than 5% change"
"algae",0.002,-0.600281118489265,"Less than 5% change"
"algae",0.003,-0.815148729978055,"Less than 5% change"
"algae",0.004,-1.00060636836732,"Less than 5% change"
"algae",0.005,-1.16465956671221,"Less than 5% change"
"algae",0.006,-1.31220322157948,"Less than 5% change"
"algae",0.007,-1.4465042327057,"Less than 5% change"
"algae",0.008,-1.56987857269854,"Less than 5% change"
"algae",0.009,-1.68404229959052,"Less than 5% change"
"algae",0.01,-1.79031070556319,"Less than 5% change"
